Datetime,Water Level (m)
2025-05-03 06:00:00,0.004595856
2025-05-03 07:00:00,0.004194359
2025-05-03 08:00:00,0.011734707
2025-05-03 09:00:00,0.021092063
2025-05-03 10:00:00,0.029557193
2025-05-03 11:00:00,0.036359932
2025-05-03 12:00:00,0.03843763
2025-05-03 13:00:00,0.03535518
2025-05-03 14:00:00,0.031124346
2025-05-03 15:00:00,0.026272934
2025-05-03 16:00:00,0.021457206
2025-05-03 17:00:00,0.01820907
2025-05-03 18:00:00,0.024988323
2025-05-03 19:00:00,0.0354214
2025-05-03 20:00:00,0.048781883
2025-05-03 21:00:00,0.063898645
2025-05-03 22:00:00,0.079721466
2025-05-03 23:00:00,0.09436284
2025-05-04 00:00:00,0.10673295
2025-05-04 01:00:00,0.1158586
2025-05-04 02:00:00,0.12126848
2025-05-04 03:00:00,0.12359747
2025-05-04 04:00:00,0.12359362
2025-05-04 05:00:00,0.12212241
2025-05-04 06:00:00,0.120184764
2025-05-04 07:00:00,0.11964996
2025-05-04 08:00:00,0.12229801
2025-05-04 09:00:00,0.12729958
2025-05-04 10:00:00,0.13273363
2025-05-04 11:00:00,0.13702428
2025-05-04 12:00:00,0.14094323
2025-05-04 13:00:00,0.14407593
2025-05-04 14:00:00,0.14424822
2025-05-04 15:00:00,0.14184809
2025-05-04 16:00:00,0.13835047
2025-05-04 17:00:00,0.13473311
2025-05-04 18:00:00,0.13218005
2025-05-04 19:00:00,0.13268113
2025-05-04 20:00:00,0.13749701
2025-05-04 21:00:00,0.14574452
2025-05-04 22:00:00,0.15623513
2025-05-04 23:00:00,0.16736639
2025-05-05 00:00:00,0.17772615
2025-05-05 01:00:00,0.18617839
2025-05-05 02:00:00,0.1920363
2025-05-05 03:00:00,0.194855
2025-05-05 04:00:00,0.19449377
2025-05-05 05:00:00,0.19242246
2025-05-05 06:00:00,0.18879576
2025-05-05 07:00:00,0.18461168
2025-05-05 08:00:00,0.18114996
2025-05-05 09:00:00,0.17955682
2025-05-05 10:00:00,0.18011759
2025-05-05 11:00:00,0.18321052
2025-05-05 12:00:00,0.18730123
2025-05-05 13:00:00,0.190933
2025-05-05 14:00:00,0.1928603
2025-05-05 15:00:00,0.19324347
2025-05-05 16:00:00,0.19223613
2025-05-05 17:00:00,0.18967423
2025-05-05 18:00:00,0.18658336
2025-05-05 19:00:00,0.18435818
2025-05-05 20:00:00,0.18395449
2025-05-05 21:00:00,0.18734302
2025-05-05 22:00:00,0.19390452
2025-05-05 23:00:00,0.2023193
2025-05-06 00:00:00,0.21201918
2025-05-06 01:00:00,0.2214115
2025-05-06 02:00:00,0.22923955
2025-05-06 03:00:00,0.23504485
2025-05-06 04:00:00,0.23793264
2025-05-06 05:00:00,0.2377707
2025-05-06 06:00:00,0.23515889
2025-05-06 07:00:00,0.23087119
2025-05-06 08:00:00,0.2257637
2025-05-06 09:00:00,0.22111082
2025-05-06 10:00:00,0.21885797
2025-05-06 11:00:00,0.22046226
2025-05-06 12:00:00,0.22219476
2025-05-06 13:00:00,0.2243903
2025-05-06 14:00:00,0.22783339
2025-05-06 15:00:00,0.23285997
2025-05-06 16:00:00,0.23521833
2025-05-06 17:00:00,0.23537292
2025-05-06 18:00:00,0.23315847
2025-05-06 19:00:00,0.2288163
2025-05-06 20:00:00,0.22472173
2025-05-06 21:00:00,0.22191557
2025-05-06 22:00:00,0.22226407
2025-05-06 23:00:00,0.22680001
2025-05-07 00:00:00,0.23445486
2025-05-07 01:00:00,0.24275401
2025-05-07 02:00:00,0.25144485
2025-05-07 03:00:00,0.25941378
2025-05-07 04:00:00,0.265659
2025-05-07 05:00:00,0.26882547
2025-05-07 06:00:00,0.26888254
2025-05-07 07:00:00,0.2664303
2025-05-07 08:00:00,0.26240164
2025-05-07 09:00:00,0.25775847
2025-05-07 10:00:00,0.25440297
2025-05-07 11:00:00,0.25430554
2025-05-07 12:00:00,0.25663453
2025-05-07 13:00:00,0.26078215
2025-05-07 14:00:00,0.2703081
2025-05-07 15:00:00,0.27837855
2025-05-07 16:00:00,0.28608206
2025-05-07 17:00:00,0.2912185
2025-05-07 18:00:00,0.29319754
2025-05-07 19:00:00,0.29239634
2025-05-07 20:00:00,0.2896141
2025-05-07 21:00:00,0.2860789
2025-05-07 22:00:00,0.28338522
2025-05-07 23:00:00,0.28399745
2025-05-08 00:00:00,0.28884888
2025-05-08 01:00:00,0.2965818
2025-05-08 02:00:00,0.30647495
2025-05-08 03:00:00,0.31685635
2025-05-08 04:00:00,0.32568082
2025-05-08 05:00:00,0.331807
2025-05-08 06:00:00,0.33438995
2025-05-08 07:00:00,0.33368915
2025-05-08 08:00:00,0.3306908
2025-05-08 09:00:00,0.32653162
2025-05-08 10:00:00,0.32276288
2025-05-08 11:00:00,0.31942642
2025-05-08 12:00:00,0.32126927
2025-05-08 13:00:00,0.3286451
2025-05-08 14:00:00,0.33761975
2025-05-08 15:00:00,0.3483781
2025-05-08 16:00:00,0.35747463
2025-05-08 17:00:00,0.36417907
2025-05-08 18:00:00,0.36787122
2025-05-08 19:00:00,0.36760432
2025-05-08 20:00:00,0.36467397
2025-05-08 21:00:00,0.3604607
2025-05-08 22:00:00,0.3562207
2025-05-08 23:00:00,0.35393277
2025-05-09 00:00:00,0.35483864
2025-05-09 01:00:00,0.3596899
2025-05-09 02:00:00,0.36789107
2025-05-09 03:00:00,0.37612906
2025-05-09 04:00:00,0.38316187
2025-05-09 05:00:00,0.388803
2025-05-09 06:00:00,0.3918478
